{
    "Entities": [
        {
            "Entity": 332544971248342330,
            "Mesh": {
                "Material": {
                    "BaseColorFactor": [
                        1.0,
                        1.0,
                        1.0,
                        1.0
                    ],
                    "EmissiveFactor": [
                        1.0,
                        1.0,
                        1.0,
                        1.0
                    ],
                    "MetallicFactor": 1.0,
                    "Name": "Material_MR",
                    "OcclusionStrength": 1.0,
                    "RoughnessFactor": 1.0,
                    "Type": "Opaque"
                },
                "MeshIndex": 0,
                "MeshPath": "Resources/models/damaged_helmet.gltf"
            },
            "Tag": {
                "Children": [],
                "Name": "node_damagedHelmet_-6514",
                "Parent": 0
            },
            "Transform": {
                "Position": [
                    -1.0263640880584717,
                    0.8000406622886658,
                    -1.8477595631338772e-07
                ],
                "Rotation": [
                    90.00000762939453,
                    -0.0,
                    0.0
                ],
                "Scale": [
                    1.0,
                    0.9999904632568359,
                    0.9999904632568359
                ]
            }
        },
        {
            "Entity": 3894337138336954971,
            "Mesh": {
                "Material": {
                    "BaseColorFactor": [
                        0.8002356290817261,
                        0.014957007020711899,
                        0.0,
                        1.0
                    ],
                    "EmissiveFactor": [
                        1.0,
                        0.6176470518112183,
                        0.6176470518112183,
                        1.0
                    ],
                    "MetallicFactor": 0.8897637724876404,
                    "Name": "Red",
                    "OcclusionStrength": 1.0,
                    "RoughnessFactor": 0.0,
                    "Type": "Opaque"
                },
                "MeshIndex": 0,
                "MeshPath": "Resources/models/scene.glb"
            },
            "Tag": {
                "Children": [],
                "Name": "Cube.001",
                "Parent": 0
            },
            "Transform": {
                "Position": [
                    2.3128573894500732,
                    3.3021223545074463,
                    -0.06477069854736328
                ],
                "Rotation": [
                    44.25634765625,
                    25.193849563598633,
                    -27.08348274230957
                ],
                "Scale": [
                    0.4099999666213989,
                    0.4099988341331482,
                    0.4099995195865631
                ]
            }
        },
        {
            "Entity": 6732513782048872294,
            "Mesh": {
                "Material": {
                    "BaseColorFactor": [
                        0.8002356290817261,
                        0.014957007020711899,
                        0.0,
                        1.0
                    ],
                    "EmissiveFactor": [
                        0.0,
                        0.0,
                        0.0,
                        1.0
                    ],
                    "MetallicFactor": 0.8897637724876404,
                    "Name": "Red",
                    "OcclusionStrength": 1.0,
                    "RoughnessFactor": 0.0,
                    "Type": "Opaque"
                },
                "MeshIndex": 0,
                "MeshPath": "Resources/models/scene.glb"
            },
            "Tag": {
                "Children": [],
                "Name": "Cube.001 (1)",
                "Parent": 0
            },
            "Transform": {
                "Position": [
                    1.1271584033966064,
                    1.576658010482788,
                    -6.852005958557129
                ],
                "Rotation": [
                    44.256309509277344,
                    25.193758010864258,
                    -27.08357048034668
                ],
                "Scale": [
                    1.0,
                    1.0,
                    1.0
                ]
            }
        },
        {
            "Entity": 9324001587843122061,
            "Mesh": {
                "Material": {
                    "BaseColorFactor": [
                        0.800000011920929,
                        0.800000011920929,
                        0.800000011920929,
                        1.0
                    ],
                    "EmissiveFactor": [
                        0.0,
                        0.0,
                        0.0,
                        1.0
                    ],
                    "MetallicFactor": 1.0,
                    "Name": "Material.002",
                    "OcclusionStrength": 1.0,
                    "RoughnessFactor": 0.0,
                    "Type": "Opaque"
                },
                "MeshIndex": 5,
                "MeshPath": "Resources/models/scene.glb"
            },
            "Tag": {
                "Children": [],
                "Name": "Sphere.001",
                "Parent": 0
            },
            "Transform": {
                "Position": [
                    8.403923034667969,
                    -0.07256174087524414,
                    -6.627710342407227
                ],
                "Rotation": [
                    0.0,
                    -0.0,
                    0.0
                ],
                "Scale": [
                    1.0,
                    1.0,
                    1.0
                ]
            }
        },
        {
            "Entity": 3628107003596903922,
            "Mesh": {
                "Material": {
                    "BaseColorFactor": [
                        1.0,
                        1.0,
                        1.0,
                        1.0
                    ],
                    "EmissiveFactor": [
                        0.0,
                        0.0,
                        0.0,
                        1.0
                    ],
                    "MetallicFactor": 1.0,
                    "Name": "Material.001",
                    "OcclusionStrength": 1.0,
                    "RoughnessFactor": 1.0,
                    "Type": "Opaque"
                },
                "MeshIndex": 1,
                "MeshPath": "Resources/models/scene.glb"
            },
            "Tag": {
                "Children": [],
                "Name": "Plane",
                "Parent": 0
            },
            "Transform": {
                "Position": [
                    0.0,
                    -2.0,
                    0.0
                ],
                "Rotation": [
                    0.0,
                    -0.0,
                    0.0
                ],
                "Scale": [
                    12.774489402770996,
                    12.774489402770996,
                    12.774489402770996
                ]
            }
        },
        {
            "Entity": 14192111772077071196,
            "Mesh": {
                "Material": {
                    "BaseColorFactor": [
                        0.8002356290817261,
                        0.014957007020711899,
                        0.0,
                        1.0
                    ],
                    "EmissiveFactor": [
                        1.0,
                        0.6176470518112183,
                        0.6176470518112183,
                        1.0
                    ],
                    "MetallicFactor": 0.8897637724876404,
                    "Name": "Red",